DateTime,사용자,세션,신규방문자,페이지뷰
2020-11-09,3136,3237,744,91003
2020-11-10,3087,3138,718,89042
2020-11-11,3016,3027,678,84039
2020-11-12,3142,3215,693,88388
2020-11-13,2822,2948,611,81116
2020-11-14,1988,2090,402,58433
2020-11-15,1990,2091,400,58214
2020-11-16,3158,3245,712,89459
2020-11-17,3137,3216,695,87902
2020-11-18,3155,3250,694,87869
2020-11-19,3223,3363,712,90589
2020-11-20,2908,3070,644,82856
2020-11-21,1932,2038,407,55174
2020-11-22,1765,1813,340,47823
2020-11-23,2983,3049,666,81123
2020-11-24,2950,2967,652,79662
2020-11-25,3125,3145,690,84341
2020-11-26,3135,3211,692,85840
2020-11-27,2693,2826,593,75945
2020-11-28,1704,1764,350,46910
2020-11-29,1630,1615,318,40893
2020-11-30,3002,3009,700,78143
2020-12-01,3156,3160,729,79457
2020-12-02,2923,2985,647,72334
2020-12-03,2772,2852,608,68831
2020-12-04,2509,2629,555,66805
2020-12-05,1703,1732,354,45307
2020-12-06,1506,1452,286,37236
2020-12-07,1676,1729,355,45105
2020-12-08,1546,1503,303,37411
2020-12-09,0,0,0,0
2020-12-10,0,0,0,0
2020-12-11,0,0,0,0
2020-12-12,0,0,0,0
2020-12-13,0,0,0,0
2020-12-14,0,0,0,0
2020-12-15,0,0,0,0
2020-12-16,0,0,0,0
2020-12-17,0,0,0,0
2020-12-18,0,0,0,0
2020-12-19,0,0,0,0
2020-12-20,0,0,0,0
2020-12-21,0,0,0,0
2020-12-22,0,0,0,0
2020-12-23,0,0,0,0
2020-12-24,0,0,0,0
2020-12-25,0,0,0,0
2020-12-26,0,0,0,0
2020-12-27,0,0,0,0
2020-12-28,0,0,0,0
2020-12-29,0,0,0,0
2020-12-30,0,0,0,0
2020-12-31,0,0,0,0
2021-01-01,0,0,0,0
2021-01-02,0,0,0,0
2021-01-03,0,0,0,0
2021-01-04,0,0,0,0
2021-01-05,0,0,0,0
2021-01-06,0,0,0,0
2021-01-07,0,0,0,0
2021-01-08,0,0,0,0
